1,Folder 000,0,0,0,0,,
1,Folder 001,1,1,0,0,,
1,Folder 002,2,2,0,0,,
1,Folder 003,3,3,0,0,,
1,Folder 004,4,4,0,0,,
1,Folder 005,5,5,0,0,,
1,Folder 006,6,6,0,0,,
1,Folder 007,7,7,0,0,,
1,Folder 008,8,8,0,0,,
1,Folder 009,9,9,0,0,,
1,Folder 010,10,10,0,0,,
1,Folder 011,11,11,0,0,,
1,Folder 012,12,12,0,0,,
1,Folder 013,13,13,0,0,,
1,Folder 014,14,14,0,0,,
1,Folder 015,15,15,0,0,,
1,Folder 016,16,16,0,0,,
1,Folder 017,17,17,0,0,,
1,Folder 018,18,18,0,0,,
1,Folder 019,19,19,0,0,,
1,Folder 020,20,20,0,0,,
1,Folder 021,21,21,0,0,,
1,Folder 022,22,22,0,0,,
1,Folder 023,23,23,0,0,,
1,Folder 024,24,24,0,0,,
1,Folder 025,25,25,0,0,,
1,Folder 026,26,26,0,0,,
1,Folder 027,27,27,0,0,,
1,Folder 028,28,28,0,0,,
1,Folder 029,29,29,0,0,,
1,Folder 030,30,30,0,0,,
1,Folder 031,31,31,0,0,,
1,Folder 032,32,32,0,0,,
1,Folder 033,33,33,0,0,,
1,Folder 034,34,34,0,0,,
1,Folder 035,35,35,0,0,,
1,Folder 036,36,36,0,0,,
1,Folder 037,37,37,0,0,,
1,Folder 038,38,38,0,0,,
1,Folder 039,39,39,0,0,,
1,Folder 040,40,40,0,0,,
1,Folder 041,41,41,0,0,,
1,Folder 042,42,42,0,0,,
1,Folder 043,43,43,0,0,,
1,Folder 044,44,44,0,0,,
1,Folder 045,45,45,0,0,,
1,Folder 046,46,46,0,0,,
1,Folder 047,47,47,0,0,,
1,Folder 048,48,48,0,0,,
1,Folder 049,49,49,0,0,,
1,Folder 050,50,50,0,0,,
1,Folder 051,51,51,0,0,,
1,Folder 052,52,52,0,0,,
1,Folder 053,53,53,0,0,,
1,Folder 054,54,54,0,0,,
1,Folder 055,55,55,0,0,,
1,Folder 056,56,56,0,0,,
1,Folder 057,57,57,0,0,,
1,Folder 058,58,58,0,0,,
1,Folder 059,59,59,0,0,,
1,Folder 060,60,60,0,0,,
1,Folder 061,61,61,0,0,,
1,Folder 062,62,62,0,0,,
1,Folder 063,63,63,0,0,,
1,Folder 064,64,64,0,0,,
1,Folder 065,65,65,0,0,,
1,Folder 066,66,66,0,0,,
1,Folder 067,67,67,0,0,,
1,Folder 068,68,68,0,0,,
1,Folder 069,69,69,0,0,,
1,Folder 070,70,70,0,0,,
1,Folder 071,71,71,0,0,,
1,Folder 072,72,72,0,0,,
1,Folder 073,73,73,0,0,,
1,Folder 074,74,74,0,0,,
1,Folder 075,75,75,0,0,,
1,Folder 076,76,76,0,0,,
1,Folder 077,77,77,0,0,,
1,Folder 078,78,78,0,0,,
1,Folder 079,79,79,0,0,,
1,Folder 080,80,80,0,0,,
1,Folder 081,81,81,0,0,,
1,Folder 082,82,82,0,0,,
1,Folder 083,83,83,0,0,,
1,Folder 084,84,84,0,0,,
1,Folder 085,85,85,0,0,,
1,Folder 086,86,86,0,0,,
1,Folder 087,87,87,0,0,,
1,Folder 088,88,88,0,0,,
1,Folder 089,89,89,0,0,,
1,Folder 090,90,90,0,0,,
1,Folder 091,91,91,0,0,,
1,Folder 092,92,92,0,0,,
1,Folder 093,93,93,0,0,,
1,Folder 094,94,94,0,0,,
1,Folder 095,95,95,0,0,,
1,Folder 096,96,96,0,0,,
1,Folder 097,97,97,0,0,,
1,Folder 098,98,98,0,0,,
1,Folder 099,99,99,0,0,,
1,Folder 100,100,100,0,0,,
1,Folder 101,101,101,0,0,,
1,Folder 102,102,102,0,0,,
1,Folder 103,103,103,0,0,,
1,Folder 104,104,104,0,0,,
1,Folder 105,105,105,0,0,,
1,Folder 106,106,106,0,0,,
1,Folder 107,107,107,0,0,,
1,Folder 108,108,108,0,0,,
1,Folder 109,109,109,0,0,,
1,Folder 110,110,110,0,0,,
1,Folder 111,111,111,0,0,,
1,Folder 112,112,112,0,0,,
1,Folder 113,113,113,0,0,,
1,Folder 114,114,114,0,0,,
1,Folder 115,115,115,0,0,,
1,Folder 116,116,116,0,0,,
1,Folder 117,117,117,0,0,,
1,Folder 118,118,118,0,0,,
1,Folder 119,119,119,0,0,,
1,Folder 120,120,120,0,0,,
1,Folder 121,121,121,0,0,,
1,Folder 122,122,122,0,0,,
1,Folder 123,123,123,0,0,,
1,Folder 124,124,124,0,0,,
1,Folder 125,125,125,0,0,,
1,Folder 126,126,126,0,0,,
1,Folder 127,127,127,0,0,,
1,Folder 128,128,128,0,0,,
1,Folder 129,129,129,0,0,,
1,Folder 130,130,130,0,0,,
1,Folder 131,131,131,0,0,,
1,Folder 132,132,132,0,0,,
1,Folder 133,133,133,0,0,,
1,Folder 134,134,134,0,0,,
1,Folder 135,135,135,0,0,,
1,Folder 136,136,136,0,0,,
1,Folder 137,137,137,0,0,,
1,Folder 138,138,138,0,0,,
1,Folder 139,139,139,0,0,,
1,Folder 140,140,140,0,0,,
1,Folder 141,141,141,0,0,,
1,Folder 142,142,142,0,0,,
1,Folder 143,143,143,0,0,,
1,Folder 144,144,144,0,0,,
1,Folder 145,145,145,0,0,,
1,Folder 146,146,146,0,0,,
1,Folder 147,147,147,0,0,,
1,Folder 148,148,148,0,0,,
1,Folder 149,149,149,0,0,,
1,Folder 150,150,150,0,0,,
1,Folder 151,151,151,0,0,,
1,Folder 152,152,152,0,0,,
1,Folder 153,153,153,0,0,,
1,Folder 154,154,154,0,0,,
1,Folder 155,155,155,0,0,,
1,Folder 156,156,156,0,0,,
1,Folder 157,157,157,0,0,,
1,Folder 158,158,158,0,0,,
1,Folder 159,159,159,0,0,,
1,Folder 160,160,160,0,0,,
1,Folder 161,161,161,0,0,,
1,Folder 162,162,162,0,0,,
1,Folder 163,163,163,0,0,,
1,Folder 164,164,164,0,0,,
1,Folder 165,165,165,0,0,,
1,Folder 166,166,166,0,0,,
1,Folder 167,167,167,0,0,,
1,Folder 168,168,168,0,0,,
1,Folder 169,169,169,0,0,,
1,Folder 170,170,170,0,0,,
1,Folder 171,171,171,0,0,,
1,Folder 172,172,172,0,0,,
1,Folder 173,173,173,0,0,,
1,Folder 174,174,174,0,0,,
1,Folder 175,175,175,0,0,,
1,Folder 176,176,176,0,0,,
1,Folder 177,177,177,0,0,,
1,Folder 178,178,178,0,0,,
1,Folder 179,179,179,0,0,,
1,Folder 180,180,180,0,0,,
1,Folder 181,181,181,0,0,,
1,Folder 182,182,182,0,0,,
1,Folder 183,183,183,0,0,,
1,Folder 184,184,184,0,0,,
1,Folder 185,185,185,0,0,,
1,Folder 186,186,186,0,0,,
1,Folder 187,187,187,0,0,,
1,Folder 188,188,188,0,0,,
1,Folder 189,189,189,0,0,,
1,Folder 190,190,190,0,0,,
1,Folder 191,191,191,0,0,,
1,Folder 192,192,192,0,0,,
1,Folder 193,193,193,0,0,,
1,Folder 194,194,194,0,0,,
1,Folder 195,195,195,0,0,,
1,Folder 196,196,196,0,0,,
1,Folder 197,197,197,0,0,,
1,Folder 198,198,198,0,0,,
1,Folder 199,199,199,0,0,,
1,Folder 200,200,200,0,0,,
1,Folder 201,201,201,0,0,,
1,Folder 202,202,202,0,0,,
1,Folder 203,203,203,0,0,,
1,Folder 204,204,204,0,0,,
1,Folder 205,205,205,0,0,,
1,Folder 206,206,206,0,0,,
1,Folder 207,207,207,0,0,,
1,Folder 208,208,208,0,0,,
1,Folder 209,209,209,0,0,,
1,Folder 210,210,210,0,0,,
1,Folder 211,211,211,0,0,,
1,Folder 212,212,212,0,0,,
1,Folder 213,213,213,0,0,,
1,Folder 214,214,214,0,0,,
1,Folder 215,215,215,0,0,,
1,Folder 216,216,216,0,0,,
1,Folder 217,217,217,0,0,,
1,Folder 218,218,218,0,0,,
1,Folder 219,219,219,0,0,,
1,Folder 220,220,220,0,0,,
1,Folder 221,221,221,0,0,,
1,Folder 222,222,222,0,0,,
1,Folder 223,223,223,0,0,,
1,Folder 224,224,224,0,0,,
1,Folder 225,225,225,0,0,,
1,Folder 226,226,226,0,0,,
1,Folder 227,227,227,0,0,,
1,Folder 228,228,228,0,0,,
1,Folder 229,229,229,0,0,,
1,Folder 230,230,230,0,0,,
1,Folder 231,231,231,0,0,,
1,Folder 232,232,232,0,0,,
1,Folder 233,233,233,0,0,,
1,Folder 234,234,234,0,0,,
1,Folder 235,235,235,0,0,,
1,Folder 236,236,236,0,0,,
1,Folder 237,237,237,0,0,,
1,Folder 238,238,238,0,0,,
1,Folder 239,239,239,0,0,,
1,Folder 240,240,240,0,0,,
1,Folder 241,241,241,0,0,,
1,Folder 242,242,242,0,0,,
1,Folder 243,243,243,0,0,,
1,Folder 244,244,244,0,0,,
1,Folder 245,245,245,0,0,,
1,Folder 246,246,246,0,0,,
1,Folder 247,247,247,0,0,,
1,Folder 248,248,248,0,0,,
1,Folder 249,249,249,0,0,,
1,Folder 250,250,250,0,0,,
1,Folder 251,251,251,0,0,,
1,Folder 252,252,252,0,0,,
1,Folder 253,253,253,0,0,,
1,Folder 254,254,254,0,0,,
1,Folder 255,255,255,0,0,,
2,File 000,0,0,0,0,,
2,File 001,1,1,0,0,,
2,File 002,2,2,0,0,,
2,File 003,3,3,0,0,,
2,File 004,4,4,0,0,,
2,File 005,5,5,0,0,,
2,File 006,6,6,0,0,,
2,File 007,7,7,0,0,,
2,File 008,8,8,0,0,,
2,File 009,9,9,0,0,,
2,File 010,10,10,0,0,,
2,File 011,11,11,0,0,,
2,File 012,12,12,0,0,,
2,File 013,13,13,0,0,,
2,File 014,14,14,0,0,,
2,File 015,15,15,0,0,,
2,File 016,16,16,0,0,,
2,File 017,17,17,0,0,,
2,File 018,18,18,0,0,,
2,File 019,19,19,0,0,,
2,File 020,20,20,0,0,,
2,File 021,21,21,0,0,,
2,File 022,22,22,0,0,,
2,File 023,23,23,0,0,,
2,File 024,24,24,0,0,,
2,File 025,25,25,0,0,,
2,File 026,26,26,0,0,,
2,File 027,27,27,0,0,,
2,File 028,28,28,0,0,,
2,File 029,29,29,0,0,,
2,File 030,30,30,0,0,,
2,File 031,31,31,0,0,,
2,File 032,32,32,0,0,,
2,File 033,33,33,0,0,,
2,File 034,34,34,0,0,,
2,File 035,35,35,0,0,,
2,File 036,36,36,0,0,,
2,File 037,37,37,0,0,,
2,File 038,38,38,0,0,,
2,File 039,39,39,0,0,,
2,File 040,40,40,0,0,,
2,File 041,41,41,0,0,,
2,File 042,42,42,0,0,,
2,File 043,43,43,0,0,,
2,File 044,44,44,0,0,,
2,File 045,45,45,0,0,,
2,File 046,46,46,0,0,,
2,File 047,47,47,0,0,,
2,File 048,48,48,0,0,,
2,File 049,49,49,0,0,,
2,File 050,50,50,0,0,,
2,File 051,51,51,0,0,,
2,File 052,52,52,0,0,,
2,File 053,53,53,0,0,,
2,File 054,54,54,0,0,,
2,File 055,55,55,0,0,,
2,File 056,56,56,0,0,,
2,File 057,57,57,0,0,,
2,File 058,58,58,0,0,,
2,File 059,59,59,0,0,,
2,File 060,60,60,0,0,,
2,File 061,61,61,0,0,,
2,File 062,62,62,0,0,,
2,File 063,63,63,0,0,,
2,File 064,64,64,0,0,,
2,File 065,65,65,0,0,,
2,File 066,66,66,0,0,,
2,File 067,67,67,0,0,,
2,File 068,68,68,0,0,,
2,File 069,69,69,0,0,,
2,File 070,70,70,0,0,,
2,File 071,71,71,0,0,,
2,File 072,72,72,0,0,,
2,File 073,73,73,0,0,,
2,File 074,74,74,0,0,,
2,File 075,75,75,0,0,,
2,File 076,76,76,0,0,,
2,File 077,77,77,0,0,,
2,File 078,78,78,0,0,,
2,File 079,79,79,0,0,,
2,File 080,80,80,0,0,,
2,File 081,81,81,0,0,,
2,File 082,82,82,0,0,,
2,File 083,83,83,0,0,,
2,File 084,84,84,0,0,,
2,File 085,85,85,0,0,,
2,File 086,86,86,0,0,,
2,File 087,87,87,0,0,,
2,File 088,88,88,0,0,,
2,File 089,89,89,0,0,,
2,File 090,90,90,0,0,,
2,File 091,91,91,0,0,,
2,File 092,92,92,0,0,,
2,File 093,93,93,0,0,,
2,File 094,94,94,0,0,,
2,File 095,95,95,0,0,,
2,File 096,96,96,0,0,,
2,File 097,97,97,0,0,,
2,File 098,98,98,0,0,,
2,File 099,99,99,0,0,,
2,File 100,100,100,0,0,,
2,File 101,101,101,0,0,,
2,File 102,102,102,0,0,,
2,File 103,103,103,0,0,,
2,File 104,104,104,0,0,,
2,File 105,105,105,0,0,,
2,File 106,106,106,0,0,,
2,File 107,107,107,0,0,,
2,File 108,108,108,0,0,,
2,File 109,109,109,0,0,,
2,File 110,110,110,0,0,,
2,File 111,111,111,0,0,,
2,File 112,112,112,0,0,,
2,File 113,113,113,0,0,,
2,File 114,114,114,0,0,,
2,File 115,115,115,0,0,,
2,File 116,116,116,0,0,,
2,File 117,117,117,0,0,,
2,File 118,118,118,0,0,,
2,File 119,119,119,0,0,,
2,File 120,120,120,0,0,,
2,File 121,121,121,0,0,,
2,File 122,122,122,0,0,,
2,File 123,123,123,0,0,,
2,File 124,124,124,0,0,,
2,File 125,125,125,0,0,,
2,File 126,126,126,0,0,,
2,File 127,127,127,0,0,,
2,File 128,128,128,0,0,,
2,File 129,129,129,0,0,,
2,File 130,130,130,0,0,,
2,File 131,131,131,0,0,,
2,File 132,132,132,0,0,,
2,File 133,133,133,0,0,,
2,File 134,134,134,0,0,,
2,File 135,135,135,0,0,,
2,File 136,136,136,0,0,,
2,File 137,137,137,0,0,,
2,File 138,138,138,0,0,,
2,File 139,139,139,0,0,,
2,File 140,140,140,0,0,,
2,File 141,141,141,0,0,,
2,File 142,142,142,0,0,,
2,File 143,143,143,0,0,,
2,File 144,144,144,0,0,,
2,File 145,145,145,0,0,,
2,File 146,146,146,0,0,,
2,File 147,147,147,0,0,,
2,File 148,148,148,0,0,,
2,File 149,149,149,0,0,,
2,File 150,150,150,0,0,,
2,File 151,151,151,0,0,,
2,File 152,152,152,0,0,,
2,File 153,153,153,0,0,,
2,File 154,154,154,0,0,,
2,File 155,155,155,0,0,,
2,File 156,156,156,0,0,,
2,File 157,157,157,0,0,,
2,File 158,158,158,0,0,,
2,File 159,159,159,0,0,,
2,File 160,160,160,0,0,,
2,File 161,161,161,0,0,,
2,File 162,162,162,0,0,,
2,File 163,163,163,0,0,,
2,File 164,164,164,0,0,,
2,File 165,165,165,0,0,,
2,File 166,166,166,0,0,,
2,File 167,167,167,0,0,,
2,File 168,168,168,0,0,,
2,File 169,169,169,0,0,,
2,File 170,170,170,0,0,,
2,File 171,171,171,0,0,,
2,File 172,172,172,0,0,,
2,File 173,173,173,0,0,,
2,File 174,174,174,0,0,,
2,File 175,175,175,0,0,,
2,File 176,176,176,0,0,,
2,File 177,177,177,0,0,,
2,File 178,178,178,0,0,,
2,File 179,179,179,0,0,,
2,File 180,180,180,0,0,,
2,File 181,181,181,0,0,,
2,File 182,182,182,0,0,,
2,File 183,183,183,0,0,,
2,File 184,184,184,0,0,,
2,File 185,185,185,0,0,,
2,File 186,186,186,0,0,,
2,File 187,187,187,0,0,,
2,File 188,188,188,0,0,,
2,File 189,189,189,0,0,,
2,File 190,190,190,0,0,,
2,File 191,191,191,0,0,,
2,File 192,192,192,0,0,,
2,File 193,193,193,0,0,,
2,File 194,194,194,0,0,,
2,File 195,195,195,0,0,,
2,File 196,196,196,0,0,,
2,File 197,197,197,0,0,,
2,File 198,198,198,0,0,,
2,File 199,199,199,0,0,,
2,File 200,200,200,0,0,,
2,File 201,201,201,0,0,,
2,File 202,202,202,0,0,,
2,File 203,203,203,0,0,,
2,File 204,204,204,0,0,,
2,File 205,205,205,0,0,,
2,File 206,206,206,0,0,,
2,File 207,207,207,0,0,,
2,File 208,208,208,0,0,,
2,File 209,209,209,0,0,,
2,File 210,210,210,0,0,,
2,File 211,211,211,0,0,,
2,File 212,212,212,0,0,,
2,File 213,213,213,0,0,,
2,File 214,214,214,0,0,,
2,File 215,215,215,0,0,,
2,File 216,216,216,0,0,,
2,File 217,217,217,0,0,,
2,File 218,218,218,0,0,,
2,File 219,219,219,0,0,,
2,File 220,220,220,0,0,,
2,File 221,221,221,0,0,,
2,File 222,222,222,0,0,,
2,File 223,223,223,0,0,,
2,File 224,224,224,0,0,,
2,File 225,225,225,0,0,,
2,File 226,226,226,0,0,,
2,File 227,227,227,0,0,,
2,File 228,228,228,0,0,,
2,File 229,229,229,0,0,,
2,File 230,230,230,0,0,,
2,File 231,231,231,0,0,,
2,File 232,232,232,0,0,,
2,File 233,233,233,0,0,,
2,File 234,234,234,0,0,,
2,File 235,235,235,0,0,,
2,File 236,236,236,0,0,,
2,File 237,237,237,0,0,,
2,File 238,238,238,0,0,,
2,File 239,239,239,0,0,,
2,File 240,240,240,0,0,,
2,File 241,241,241,0,0,,
2,File 242,242,242,0,0,,
2,File 243,243,243,0,0,,
2,File 244,244,244,0,0,,
2,File 245,245,245,0,0,,
2,File 246,246,246,0,0,,
2,File 247,247,247,0,0,,
2,File 248,248,248,0,0,,
2,File 249,249,249,0,0,,
2,File 250,250,250,0,0,,
2,File 251,251,251,0,0,,
2,File 252,252,252,0,0,,
2,File 253,253,253,0,0,,
2,File 254,254,254,0,0,,
2,File 255,255,255,0,0,,
